round,accuracy,method,supernodes,fraction,rounds,partition,job_index
0,0.1001,fedavg,10,1.0,50,iid,1
1,0.1957,fedavg,10,1.0,50,iid,1
2,0.1837,fedavg,10,1.0,50,iid,1
3,0.2723,fedavg,10,1.0,50,iid,1
4,0.3124,fedavg,10,1.0,50,iid,1
5,0.3502,fedavg,10,1.0,50,iid,1
6,0.3842,fedavg,10,1.0,50,iid,1
7,0.4192,fedavg,10,1.0,50,iid,1
8,0.4457,fedavg,10,1.0,50,iid,1
9,0.4582,fedavg,10,1.0,50,iid,1
10,0.469,fedavg,10,1.0,50,iid,1
11,0.4867,fedavg,10,1.0,50,iid,1
12,0.4968,fedavg,10,1.0,50,iid,1
13,0.5089,fedavg,10,1.0,50,iid,1
14,0.5224,fedavg,10,1.0,50,iid,1
15,0.5269,fedavg,10,1.0,50,iid,1
16,0.5391,fedavg,10,1.0,50,iid,1
17,0.5482,fedavg,10,1.0,50,iid,1
18,0.5574,fedavg,10,1.0,50,iid,1
19,0.5624,fedavg,10,1.0,50,iid,1
20,0.5683,fedavg,10,1.0,50,iid,1
21,0.5812,fedavg,10,1.0,50,iid,1
22,0.5873,fedavg,10,1.0,50,iid,1
23,0.5937,fedavg,10,1.0,50,iid,1
24,0.6028,fedavg,10,1.0,50,iid,1
25,0.6098,fedavg,10,1.0,50,iid,1
26,0.6163,fedavg,10,1.0,50,iid,1
27,0.6235,fedavg,10,1.0,50,iid,1
28,0.6273,fedavg,10,1.0,50,iid,1
29,0.6312,fedavg,10,1.0,50,iid,1
30,0.637,fedavg,10,1.0,50,iid,1
31,0.6394,fedavg,10,1.0,50,iid,1
32,0.6424,fedavg,10,1.0,50,iid,1
33,0.6472,fedavg,10,1.0,50,iid,1
34,0.6538,fedavg,10,1.0,50,iid,1
35,0.6576,fedavg,10,1.0,50,iid,1
36,0.661,fedavg,10,1.0,50,iid,1
37,0.6614,fedavg,10,1.0,50,iid,1
38,0.6661,fedavg,10,1.0,50,iid,1
39,0.6641,fedavg,10,1.0,50,iid,1
40,0.6711,fedavg,10,1.0,50,iid,1
41,0.676,fedavg,10,1.0,50,iid,1
42,0.6778,fedavg,10,1.0,50,iid,1
43,0.677,fedavg,10,1.0,50,iid,1
44,0.683,fedavg,10,1.0,50,iid,1
45,0.6797,fedavg,10,1.0,50,iid,1
46,0.6875,fedavg,10,1.0,50,iid,1
47,0.6876,fedavg,10,1.0,50,iid,1
48,0.6885,fedavg,10,1.0,50,iid,1
49,0.6897,fedavg,10,1.0,50,iid,1
50,0.691,fedavg,10,1.0,50,iid,1
0,0.1012,fedavg,10,1.0,50,dirichlet,2
1,0.1483,fedavg,10,1.0,50,dirichlet,2
2,0.217,fedavg,10,1.0,50,dirichlet,2
3,0.2872,fedavg,10,1.0,50,dirichlet,2
4,0.3447,fedavg,10,1.0,50,dirichlet,2
5,0.3875,fedavg,10,1.0,50,dirichlet,2
6,0.4053,fedavg,10,1.0,50,dirichlet,2
7,0.4317,fedavg,10,1.0,50,dirichlet,2
8,0.4361,fedavg,10,1.0,50,dirichlet,2
9,0.4646,fedavg,10,1.0,50,dirichlet,2
10,0.4748,fedavg,10,1.0,50,dirichlet,2
11,0.4848,fedavg,10,1.0,50,dirichlet,2
12,0.4924,fedavg,10,1.0,50,dirichlet,2
13,0.5104,fedavg,10,1.0,50,dirichlet,2
14,0.5054,fedavg,10,1.0,50,dirichlet,2
15,0.5123,fedavg,10,1.0,50,dirichlet,2
16,0.5298,fedavg,10,1.0,50,dirichlet,2
17,0.5388,fedavg,10,1.0,50,dirichlet,2
18,0.5524,fedavg,10,1.0,50,dirichlet,2
19,0.5604,fedavg,10,1.0,50,dirichlet,2
20,0.568,fedavg,10,1.0,50,dirichlet,2
21,0.5608,fedavg,10,1.0,50,dirichlet,2
22,0.5677,fedavg,10,1.0,50,dirichlet,2
23,0.5893,fedavg,10,1.0,50,dirichlet,2
24,0.5915,fedavg,10,1.0,50,dirichlet,2
25,0.6019,fedavg,10,1.0,50,dirichlet,2
26,0.595,fedavg,10,1.0,50,dirichlet,2
27,0.6158,fedavg,10,1.0,50,dirichlet,2
28,0.614,fedavg,10,1.0,50,dirichlet,2
29,0.6219,fedavg,10,1.0,50,dirichlet,2
30,0.6259,fedavg,10,1.0,50,dirichlet,2
31,0.6212,fedavg,10,1.0,50,dirichlet,2
32,0.6253,fedavg,10,1.0,50,dirichlet,2
33,0.6374,fedavg,10,1.0,50,dirichlet,2
34,0.6505,fedavg,10,1.0,50,dirichlet,2
35,0.64,fedavg,10,1.0,50,dirichlet,2
36,0.643,fedavg,10,1.0,50,dirichlet,2
37,0.6476,fedavg,10,1.0,50,dirichlet,2
38,0.6649,fedavg,10,1.0,50,dirichlet,2
39,0.6653,fedavg,10,1.0,50,dirichlet,2
40,0.6531,fedavg,10,1.0,50,dirichlet,2
41,0.6489,fedavg,10,1.0,50,dirichlet,2
42,0.6633,fedavg,10,1.0,50,dirichlet,2
43,0.68,fedavg,10,1.0,50,dirichlet,2
44,0.6854,fedavg,10,1.0,50,dirichlet,2
45,0.6717,fedavg,10,1.0,50,dirichlet,2
46,0.6675,fedavg,10,1.0,50,dirichlet,2
47,0.6778,fedavg,10,1.0,50,dirichlet,2
48,0.6834,fedavg,10,1.0,50,dirichlet,2
49,0.6783,fedavg,10,1.0,50,dirichlet,2
50,0.6849,fedavg,10,1.0,50,dirichlet,2
0,0.1081,fedavg,10,1.0,50,shard,3
1,0.1227,fedavg,10,1.0,50,shard,3
2,0.2067,fedavg,10,1.0,50,shard,3
3,0.2449,fedavg,10,1.0,50,shard,3
4,0.2752,fedavg,10,1.0,50,shard,3
5,0.2945,fedavg,10,1.0,50,shard,3
6,0.3089,fedavg,10,1.0,50,shard,3
7,0.3275,fedavg,10,1.0,50,shard,3
8,0.3383,fedavg,10,1.0,50,shard,3
9,0.3537,fedavg,10,1.0,50,shard,3
10,0.3659,fedavg,10,1.0,50,shard,3
11,0.3772,fedavg,10,1.0,50,shard,3
12,0.3833,fedavg,10,1.0,50,shard,3
13,0.3968,fedavg,10,1.0,50,shard,3
14,0.4018,fedavg,10,1.0,50,shard,3
15,0.4067,fedavg,10,1.0,50,shard,3
16,0.417,fedavg,10,1.0,50,shard,3
17,0.4219,fedavg,10,1.0,50,shard,3
18,0.4294,fedavg,10,1.0,50,shard,3
19,0.4314,fedavg,10,1.0,50,shard,3
20,0.4358,fedavg,10,1.0,50,shard,3
21,0.4435,fedavg,10,1.0,50,shard,3
22,0.4485,fedavg,10,1.0,50,shard,3
23,0.4516,fedavg,10,1.0,50,shard,3
24,0.4566,fedavg,10,1.0,50,shard,3
25,0.4596,fedavg,10,1.0,50,shard,3
26,0.4672,fedavg,10,1.0,50,shard,3
27,0.4725,fedavg,10,1.0,50,shard,3
28,0.4751,fedavg,10,1.0,50,shard,3
29,0.4814,fedavg,10,1.0,50,shard,3
30,0.4831,fedavg,10,1.0,50,shard,3
31,0.4816,fedavg,10,1.0,50,shard,3
32,0.4861,fedavg,10,1.0,50,shard,3
33,0.4862,fedavg,10,1.0,50,shard,3
34,0.4888,fedavg,10,1.0,50,shard,3
35,0.4944,fedavg,10,1.0,50,shard,3
36,0.4931,fedavg,10,1.0,50,shard,3
37,0.4991,fedavg,10,1.0,50,shard,3
38,0.5022,fedavg,10,1.0,50,shard,3
39,0.5014,fedavg,10,1.0,50,shard,3
40,0.5058,fedavg,10,1.0,50,shard,3
41,0.5093,fedavg,10,1.0,50,shard,3
42,0.5128,fedavg,10,1.0,50,shard,3
43,0.5132,fedavg,10,1.0,50,shard,3
44,0.5172,fedavg,10,1.0,50,shard,3
45,0.5193,fedavg,10,1.0,50,shard,3
46,0.5196,fedavg,10,1.0,50,shard,3
47,0.5226,fedavg,10,1.0,50,shard,3
48,0.5215,fedavg,10,1.0,50,shard,3
49,0.5232,fedavg,10,1.0,50,shard,3
50,0.5264,fedavg,10,1.0,50,shard,3
0,0.1026,fedavg,100,0.2,100,iid,4
1,0.102,fedavg,100,0.2,100,iid,4
2,0.1043,fedavg,100,0.2,100,iid,4
3,0.1111,fedavg,100,0.2,100,iid,4
4,0.1386,fedavg,100,0.2,100,iid,4
5,0.1711,fedavg,100,0.2,100,iid,4
6,0.1935,fedavg,100,0.2,100,iid,4
7,0.2157,fedavg,100,0.2,100,iid,4
8,0.2063,fedavg,100,0.2,100,iid,4
9,0.2002,fedavg,100,0.2,100,iid,4
10,0.1882,fedavg,100,0.2,100,iid,4
11,0.1974,fedavg,100,0.2,100,iid,4
12,0.2044,fedavg,100,0.2,100,iid,4
13,0.2184,fedavg,100,0.2,100,iid,4
14,0.223,fedavg,100,0.2,100,iid,4
15,0.2268,fedavg,100,0.2,100,iid,4
16,0.2319,fedavg,100,0.2,100,iid,4
17,0.2463,fedavg,100,0.2,100,iid,4
18,0.2498,fedavg,100,0.2,100,iid,4
19,0.2522,fedavg,100,0.2,100,iid,4
20,0.2615,fedavg,100,0.2,100,iid,4
21,0.2606,fedavg,100,0.2,100,iid,4
22,0.2649,fedavg,100,0.2,100,iid,4
23,0.2725,fedavg,100,0.2,100,iid,4
24,0.2756,fedavg,100,0.2,100,iid,4
25,0.2846,fedavg,100,0.2,100,iid,4
26,0.2865,fedavg,100,0.2,100,iid,4
27,0.2877,fedavg,100,0.2,100,iid,4
28,0.2983,fedavg,100,0.2,100,iid,4
29,0.2984,fedavg,100,0.2,100,iid,4
30,0.3077,fedavg,100,0.2,100,iid,4
31,0.3139,fedavg,100,0.2,100,iid,4
32,0.3179,fedavg,100,0.2,100,iid,4
33,0.3309,fedavg,100,0.2,100,iid,4
34,0.3332,fedavg,100,0.2,100,iid,4
35,0.331,fedavg,100,0.2,100,iid,4
36,0.3428,fedavg,100,0.2,100,iid,4
37,0.3481,fedavg,100,0.2,100,iid,4
38,0.3517,fedavg,100,0.2,100,iid,4
39,0.3557,fedavg,100,0.2,100,iid,4
40,0.3575,fedavg,100,0.2,100,iid,4
41,0.3639,fedavg,100,0.2,100,iid,4
42,0.3659,fedavg,100,0.2,100,iid,4
43,0.3737,fedavg,100,0.2,100,iid,4
44,0.3778,fedavg,100,0.2,100,iid,4
45,0.3784,fedavg,100,0.2,100,iid,4
46,0.3828,fedavg,100,0.2,100,iid,4
47,0.3855,fedavg,100,0.2,100,iid,4
48,0.3923,fedavg,100,0.2,100,iid,4
49,0.3957,fedavg,100,0.2,100,iid,4
50,0.4026,fedavg,100,0.2,100,iid,4
51,0.4039,fedavg,100,0.2,100,iid,4
52,0.4038,fedavg,100,0.2,100,iid,4
53,0.4078,fedavg,100,0.2,100,iid,4
54,0.4118,fedavg,100,0.2,100,iid,4
55,0.4088,fedavg,100,0.2,100,iid,4
56,0.4153,fedavg,100,0.2,100,iid,4
57,0.4226,fedavg,100,0.2,100,iid,4
58,0.4235,fedavg,100,0.2,100,iid,4
59,0.4277,fedavg,100,0.2,100,iid,4
60,0.4313,fedavg,100,0.2,100,iid,4
61,0.4299,fedavg,100,0.2,100,iid,4
62,0.4374,fedavg,100,0.2,100,iid,4
63,0.4414,fedavg,100,0.2,100,iid,4
64,0.4446,fedavg,100,0.2,100,iid,4
65,0.4479,fedavg,100,0.2,100,iid,4
66,0.4408,fedavg,100,0.2,100,iid,4
67,0.4515,fedavg,100,0.2,100,iid,4
68,0.4502,fedavg,100,0.2,100,iid,4
69,0.453,fedavg,100,0.2,100,iid,4
70,0.4582,fedavg,100,0.2,100,iid,4
71,0.46,fedavg,100,0.2,100,iid,4
72,0.4605,fedavg,100,0.2,100,iid,4
73,0.4632,fedavg,100,0.2,100,iid,4
74,0.4661,fedavg,100,0.2,100,iid,4
75,0.467,fedavg,100,0.2,100,iid,4
76,0.4685,fedavg,100,0.2,100,iid,4
77,0.47,fedavg,100,0.2,100,iid,4
78,0.4725,fedavg,100,0.2,100,iid,4
79,0.4686,fedavg,100,0.2,100,iid,4
80,0.4707,fedavg,100,0.2,100,iid,4
81,0.4792,fedavg,100,0.2,100,iid,4
82,0.4779,fedavg,100,0.2,100,iid,4
83,0.4738,fedavg,100,0.2,100,iid,4
84,0.4782,fedavg,100,0.2,100,iid,4
85,0.4841,fedavg,100,0.2,100,iid,4
86,0.4836,fedavg,100,0.2,100,iid,4
87,0.483,fedavg,100,0.2,100,iid,4
88,0.4856,fedavg,100,0.2,100,iid,4
89,0.4877,fedavg,100,0.2,100,iid,4
90,0.4927,fedavg,100,0.2,100,iid,4
91,0.4901,fedavg,100,0.2,100,iid,4
92,0.4942,fedavg,100,0.2,100,iid,4
93,0.4947,fedavg,100,0.2,100,iid,4
94,0.4974,fedavg,100,0.2,100,iid,4
95,0.5005,fedavg,100,0.2,100,iid,4
96,0.4973,fedavg,100,0.2,100,iid,4
97,0.4987,fedavg,100,0.2,100,iid,4
98,0.5021,fedavg,100,0.2,100,iid,4
99,0.5038,fedavg,100,0.2,100,iid,4
100,0.5079,fedavg,100,0.2,100,iid,4
0,0.1,fedavg,100,0.2,100,dirichlet,5
1,0.0975,fedavg,100,0.2,100,dirichlet,5
2,0.1002,fedavg,100,0.2,100,dirichlet,5
3,0.1127,fedavg,100,0.2,100,dirichlet,5
4,0.1169,fedavg,100,0.2,100,dirichlet,5
5,0.1,fedavg,100,0.2,100,dirichlet,5
6,0.1002,fedavg,100,0.2,100,dirichlet,5
7,0.136,fedavg,100,0.2,100,dirichlet,5
8,0.1845,fedavg,100,0.2,100,dirichlet,5
9,0.1645,fedavg,100,0.2,100,dirichlet,5
10,0.2094,fedavg,100,0.2,100,dirichlet,5
11,0.228,fedavg,100,0.2,100,dirichlet,5
12,0.2477,fedavg,100,0.2,100,dirichlet,5
13,0.2463,fedavg,100,0.2,100,dirichlet,5
14,0.2389,fedavg,100,0.2,100,dirichlet,5
15,0.281,fedavg,100,0.2,100,dirichlet,5
16,0.2235,fedavg,100,0.2,100,dirichlet,5
17,0.3015,fedavg,100,0.2,100,dirichlet,5
18,0.2368,fedavg,100,0.2,100,dirichlet,5
19,0.286,fedavg,100,0.2,100,dirichlet,5
20,0.3316,fedavg,100,0.2,100,dirichlet,5
21,0.2913,fedavg,100,0.2,100,dirichlet,5
22,0.3289,fedavg,100,0.2,100,dirichlet,5
23,0.3205,fedavg,100,0.2,100,dirichlet,5
24,0.3265,fedavg,100,0.2,100,dirichlet,5
25,0.3422,fedavg,100,0.2,100,dirichlet,5
26,0.3161,fedavg,100,0.2,100,dirichlet,5
27,0.3428,fedavg,100,0.2,100,dirichlet,5
28,0.3278,fedavg,100,0.2,100,dirichlet,5
29,0.328,fedavg,100,0.2,100,dirichlet,5
30,0.3168,fedavg,100,0.2,100,dirichlet,5
31,0.3412,fedavg,100,0.2,100,dirichlet,5
32,0.3313,fedavg,100,0.2,100,dirichlet,5
33,0.3555,fedavg,100,0.2,100,dirichlet,5
34,0.3711,fedavg,100,0.2,100,dirichlet,5
35,0.3701,fedavg,100,0.2,100,dirichlet,5
36,0.3751,fedavg,100,0.2,100,dirichlet,5
37,0.3819,fedavg,100,0.2,100,dirichlet,5
38,0.378,fedavg,100,0.2,100,dirichlet,5
39,0.3769,fedavg,100,0.2,100,dirichlet,5
40,0.3698,fedavg,100,0.2,100,dirichlet,5
41,0.3784,fedavg,100,0.2,100,dirichlet,5
42,0.3928,fedavg,100,0.2,100,dirichlet,5
43,0.3756,fedavg,100,0.2,100,dirichlet,5
44,0.371,fedavg,100,0.2,100,dirichlet,5
45,0.3818,fedavg,100,0.2,100,dirichlet,5
46,0.4009,fedavg,100,0.2,100,dirichlet,5
47,0.3672,fedavg,100,0.2,100,dirichlet,5
48,0.389,fedavg,100,0.2,100,dirichlet,5
49,0.4071,fedavg,100,0.2,100,dirichlet,5
50,0.3951,fedavg,100,0.2,100,dirichlet,5
51,0.3996,fedavg,100,0.2,100,dirichlet,5
52,0.3883,fedavg,100,0.2,100,dirichlet,5
53,0.412,fedavg,100,0.2,100,dirichlet,5
54,0.4192,fedavg,100,0.2,100,dirichlet,5
55,0.4131,fedavg,100,0.2,100,dirichlet,5
56,0.4294,fedavg,100,0.2,100,dirichlet,5
57,0.373,fedavg,100,0.2,100,dirichlet,5
58,0.4076,fedavg,100,0.2,100,dirichlet,5
59,0.4166,fedavg,100,0.2,100,dirichlet,5
60,0.4141,fedavg,100,0.2,100,dirichlet,5
61,0.417,fedavg,100,0.2,100,dirichlet,5
62,0.4262,fedavg,100,0.2,100,dirichlet,5
63,0.4402,fedavg,100,0.2,100,dirichlet,5
64,0.4089,fedavg,100,0.2,100,dirichlet,5
65,0.4392,fedavg,100,0.2,100,dirichlet,5
66,0.4378,fedavg,100,0.2,100,dirichlet,5
67,0.4485,fedavg,100,0.2,100,dirichlet,5
68,0.4514,fedavg,100,0.2,100,dirichlet,5
69,0.4485,fedavg,100,0.2,100,dirichlet,5
70,0.4487,fedavg,100,0.2,100,dirichlet,5
71,0.4533,fedavg,100,0.2,100,dirichlet,5
72,0.4608,fedavg,100,0.2,100,dirichlet,5
73,0.4583,fedavg,100,0.2,100,dirichlet,5
74,0.4449,fedavg,100,0.2,100,dirichlet,5
75,0.4573,fedavg,100,0.2,100,dirichlet,5
76,0.4641,fedavg,100,0.2,100,dirichlet,5
77,0.4667,fedavg,100,0.2,100,dirichlet,5
78,0.4654,fedavg,100,0.2,100,dirichlet,5
79,0.4577,fedavg,100,0.2,100,dirichlet,5
80,0.4652,fedavg,100,0.2,100,dirichlet,5
81,0.4648,fedavg,100,0.2,100,dirichlet,5
82,0.4746,fedavg,100,0.2,100,dirichlet,5
83,0.4757,fedavg,100,0.2,100,dirichlet,5
84,0.476,fedavg,100,0.2,100,dirichlet,5
85,0.4752,fedavg,100,0.2,100,dirichlet,5
86,0.4504,fedavg,100,0.2,100,dirichlet,5
87,0.4781,fedavg,100,0.2,100,dirichlet,5
88,0.4666,fedavg,100,0.2,100,dirichlet,5
89,0.4574,fedavg,100,0.2,100,dirichlet,5
90,0.4785,fedavg,100,0.2,100,dirichlet,5
91,0.4862,fedavg,100,0.2,100,dirichlet,5
92,0.4809,fedavg,100,0.2,100,dirichlet,5
93,0.4726,fedavg,100,0.2,100,dirichlet,5
94,0.4816,fedavg,100,0.2,100,dirichlet,5
95,0.4844,fedavg,100,0.2,100,dirichlet,5
96,0.4938,fedavg,100,0.2,100,dirichlet,5
97,0.4753,fedavg,100,0.2,100,dirichlet,5
98,0.4621,fedavg,100,0.2,100,dirichlet,5
99,0.4789,fedavg,100,0.2,100,dirichlet,5
100,0.4844,fedavg,100,0.2,100,dirichlet,5
0,0.0936,fedavg,100,0.2,100,shard,6
1,0.1,fedavg,100,0.2,100,shard,6
2,0.1,fedavg,100,0.2,100,shard,6
3,0.1347,fedavg,100,0.2,100,shard,6
4,0.1021,fedavg,100,0.2,100,shard,6
5,0.1295,fedavg,100,0.2,100,shard,6
6,0.1273,fedavg,100,0.2,100,shard,6
7,0.1315,fedavg,100,0.2,100,shard,6
8,0.1,fedavg,100,0.2,100,shard,6
9,0.1833,fedavg,100,0.2,100,shard,6
10,0.1427,fedavg,100,0.2,100,shard,6
11,0.1457,fedavg,100,0.2,100,shard,6
12,0.1456,fedavg,100,0.2,100,shard,6
13,0.1548,fedavg,100,0.2,100,shard,6
14,0.1711,fedavg,100,0.2,100,shard,6
15,0.2202,fedavg,100,0.2,100,shard,6
16,0.183,fedavg,100,0.2,100,shard,6
17,0.2225,fedavg,100,0.2,100,shard,6
18,0.1835,fedavg,100,0.2,100,shard,6
19,0.1982,fedavg,100,0.2,100,shard,6
20,0.1539,fedavg,100,0.2,100,shard,6
21,0.2242,fedavg,100,0.2,100,shard,6
22,0.2365,fedavg,100,0.2,100,shard,6
23,0.2565,fedavg,100,0.2,100,shard,6
24,0.2114,fedavg,100,0.2,100,shard,6
25,0.2161,fedavg,100,0.2,100,shard,6
26,0.2325,fedavg,100,0.2,100,shard,6
27,0.2367,fedavg,100,0.2,100,shard,6
28,0.2033,fedavg,100,0.2,100,shard,6
29,0.1905,fedavg,100,0.2,100,shard,6
30,0.1973,fedavg,100,0.2,100,shard,6
31,0.2682,fedavg,100,0.2,100,shard,6
32,0.2784,fedavg,100,0.2,100,shard,6
33,0.252,fedavg,100,0.2,100,shard,6
34,0.232,fedavg,100,0.2,100,shard,6
35,0.2588,fedavg,100,0.2,100,shard,6
36,0.2839,fedavg,100,0.2,100,shard,6
37,0.2669,fedavg,100,0.2,100,shard,6
38,0.2388,fedavg,100,0.2,100,shard,6
39,0.2554,fedavg,100,0.2,100,shard,6
40,0.2459,fedavg,100,0.2,100,shard,6
41,0.2801,fedavg,100,0.2,100,shard,6
42,0.2627,fedavg,100,0.2,100,shard,6
43,0.1768,fedavg,100,0.2,100,shard,6
44,0.2429,fedavg,100,0.2,100,shard,6
45,0.3073,fedavg,100,0.2,100,shard,6
46,0.2351,fedavg,100,0.2,100,shard,6
47,0.2685,fedavg,100,0.2,100,shard,6
48,0.3026,fedavg,100,0.2,100,shard,6
49,0.2982,fedavg,100,0.2,100,shard,6
50,0.2751,fedavg,100,0.2,100,shard,6
51,0.2703,fedavg,100,0.2,100,shard,6
52,0.2274,fedavg,100,0.2,100,shard,6
53,0.2797,fedavg,100,0.2,100,shard,6
54,0.3312,fedavg,100,0.2,100,shard,6
55,0.3031,fedavg,100,0.2,100,shard,6
56,0.3211,fedavg,100,0.2,100,shard,6
57,0.3435,fedavg,100,0.2,100,shard,6
58,0.3413,fedavg,100,0.2,100,shard,6
59,0.2568,fedavg,100,0.2,100,shard,6
60,0.2408,fedavg,100,0.2,100,shard,6
61,0.2734,fedavg,100,0.2,100,shard,6
62,0.3308,fedavg,100,0.2,100,shard,6
63,0.3453,fedavg,100,0.2,100,shard,6
64,0.3303,fedavg,100,0.2,100,shard,6
65,0.2729,fedavg,100,0.2,100,shard,6
66,0.2874,fedavg,100,0.2,100,shard,6
67,0.3001,fedavg,100,0.2,100,shard,6
68,0.3442,fedavg,100,0.2,100,shard,6
69,0.3054,fedavg,100,0.2,100,shard,6
70,0.2877,fedavg,100,0.2,100,shard,6
71,0.3185,fedavg,100,0.2,100,shard,6
72,0.3054,fedavg,100,0.2,100,shard,6
73,0.3455,fedavg,100,0.2,100,shard,6
74,0.3351,fedavg,100,0.2,100,shard,6
75,0.3542,fedavg,100,0.2,100,shard,6
76,0.2851,fedavg,100,0.2,100,shard,6
77,0.2991,fedavg,100,0.2,100,shard,6
78,0.3467,fedavg,100,0.2,100,shard,6
79,0.3573,fedavg,100,0.2,100,shard,6
80,0.3067,fedavg,100,0.2,100,shard,6
81,0.3351,fedavg,100,0.2,100,shard,6
82,0.3329,fedavg,100,0.2,100,shard,6
83,0.3549,fedavg,100,0.2,100,shard,6
84,0.3884,fedavg,100,0.2,100,shard,6
85,0.3431,fedavg,100,0.2,100,shard,6
86,0.3416,fedavg,100,0.2,100,shard,6
87,0.3663,fedavg,100,0.2,100,shard,6
88,0.3356,fedavg,100,0.2,100,shard,6
89,0.3736,fedavg,100,0.2,100,shard,6
90,0.357,fedavg,100,0.2,100,shard,6
91,0.3604,fedavg,100,0.2,100,shard,6
92,0.3945,fedavg,100,0.2,100,shard,6
93,0.3197,fedavg,100,0.2,100,shard,6
94,0.3665,fedavg,100,0.2,100,shard,6
95,0.3764,fedavg,100,0.2,100,shard,6
96,0.3732,fedavg,100,0.2,100,shard,6
97,0.3578,fedavg,100,0.2,100,shard,6
98,0.3858,fedavg,100,0.2,100,shard,6
99,0.3719,fedavg,100,0.2,100,shard,6
100,0.3768,fedavg,100,0.2,100,shard,6
0,0.0994,scaffold,10,1.0,50,iid,7
1,0.2064,scaffold,10,1.0,50,iid,7
2,0.2628,scaffold,10,1.0,50,iid,7
3,0.3181,scaffold,10,1.0,50,iid,7
4,0.3627,scaffold,10,1.0,50,iid,7
5,0.3981,scaffold,10,1.0,50,iid,7
6,0.4215,scaffold,10,1.0,50,iid,7
7,0.4458,scaffold,10,1.0,50,iid,7
8,0.4674,scaffold,10,1.0,50,iid,7
9,0.4822,scaffold,10,1.0,50,iid,7
10,0.4975,scaffold,10,1.0,50,iid,7
11,0.5088,scaffold,10,1.0,50,iid,7
12,0.5174,scaffold,10,1.0,50,iid,7
13,0.5255,scaffold,10,1.0,50,iid,7
14,0.535,scaffold,10,1.0,50,iid,7
15,0.5448,scaffold,10,1.0,50,iid,7
16,0.5518,scaffold,10,1.0,50,iid,7
17,0.5606,scaffold,10,1.0,50,iid,7
18,0.5697,scaffold,10,1.0,50,iid,7
19,0.5792,scaffold,10,1.0,50,iid,7
20,0.5859,scaffold,10,1.0,50,iid,7
21,0.5959,scaffold,10,1.0,50,iid,7
22,0.601,scaffold,10,1.0,50,iid,7
23,0.6084,scaffold,10,1.0,50,iid,7
24,0.6126,scaffold,10,1.0,50,iid,7
25,0.6196,scaffold,10,1.0,50,iid,7
26,0.6265,scaffold,10,1.0,50,iid,7
27,0.6297,scaffold,10,1.0,50,iid,7
28,0.6346,scaffold,10,1.0,50,iid,7
29,0.6397,scaffold,10,1.0,50,iid,7
30,0.6488,scaffold,10,1.0,50,iid,7
31,0.6523,scaffold,10,1.0,50,iid,7
32,0.6572,scaffold,10,1.0,50,iid,7
33,0.6625,scaffold,10,1.0,50,iid,7
34,0.6653,scaffold,10,1.0,50,iid,7
35,0.6697,scaffold,10,1.0,50,iid,7
36,0.6681,scaffold,10,1.0,50,iid,7
37,0.6733,scaffold,10,1.0,50,iid,7
38,0.685,scaffold,10,1.0,50,iid,7
39,0.6843,scaffold,10,1.0,50,iid,7
40,0.688,scaffold,10,1.0,50,iid,7
41,0.6908,scaffold,10,1.0,50,iid,7
42,0.6936,scaffold,10,1.0,50,iid,7
43,0.6986,scaffold,10,1.0,50,iid,7
44,0.6936,scaffold,10,1.0,50,iid,7
45,0.6991,scaffold,10,1.0,50,iid,7
46,0.7013,scaffold,10,1.0,50,iid,7
47,0.708,scaffold,10,1.0,50,iid,7
48,0.7078,scaffold,10,1.0,50,iid,7
49,0.7083,scaffold,10,1.0,50,iid,7
50,0.7095,scaffold,10,1.0,50,iid,7
0,0.115,scaffold,10,1.0,50,dirichlet,8
1,0.1391,scaffold,10,1.0,50,dirichlet,8
2,0.2083,scaffold,10,1.0,50,dirichlet,8
3,0.3156,scaffold,10,1.0,50,dirichlet,8
4,0.3687,scaffold,10,1.0,50,dirichlet,8
5,0.3964,scaffold,10,1.0,50,dirichlet,8
6,0.4229,scaffold,10,1.0,50,dirichlet,8
7,0.4476,scaffold,10,1.0,50,dirichlet,8
8,0.4617,scaffold,10,1.0,50,dirichlet,8
9,0.4643,scaffold,10,1.0,50,dirichlet,8
10,0.4856,scaffold,10,1.0,50,dirichlet,8
11,0.4912,scaffold,10,1.0,50,dirichlet,8
12,0.4986,scaffold,10,1.0,50,dirichlet,8
13,0.488,scaffold,10,1.0,50,dirichlet,8
14,0.5191,scaffold,10,1.0,50,dirichlet,8
15,0.5204,scaffold,10,1.0,50,dirichlet,8
16,0.532,scaffold,10,1.0,50,dirichlet,8
17,0.538,scaffold,10,1.0,50,dirichlet,8
18,0.5388,scaffold,10,1.0,50,dirichlet,8
19,0.5439,scaffold,10,1.0,50,dirichlet,8
20,0.5571,scaffold,10,1.0,50,dirichlet,8
21,0.5663,scaffold,10,1.0,50,dirichlet,8
22,0.5606,scaffold,10,1.0,50,dirichlet,8
23,0.5759,scaffold,10,1.0,50,dirichlet,8
24,0.5881,scaffold,10,1.0,50,dirichlet,8
25,0.5929,scaffold,10,1.0,50,dirichlet,8
26,0.6046,scaffold,10,1.0,50,dirichlet,8
27,0.5941,scaffold,10,1.0,50,dirichlet,8
28,0.5909,scaffold,10,1.0,50,dirichlet,8
29,0.621,scaffold,10,1.0,50,dirichlet,8
30,0.6285,scaffold,10,1.0,50,dirichlet,8
31,0.629,scaffold,10,1.0,50,dirichlet,8
32,0.5943,scaffold,10,1.0,50,dirichlet,8
33,0.6238,scaffold,10,1.0,50,dirichlet,8
34,0.6459,scaffold,10,1.0,50,dirichlet,8
35,0.6438,scaffold,10,1.0,50,dirichlet,8
36,0.6593,scaffold,10,1.0,50,dirichlet,8
37,0.6584,scaffold,10,1.0,50,dirichlet,8
38,0.6648,scaffold,10,1.0,50,dirichlet,8
39,0.6697,scaffold,10,1.0,50,dirichlet,8
40,0.6534,scaffold,10,1.0,50,dirichlet,8
41,0.6448,scaffold,10,1.0,50,dirichlet,8
42,0.6751,scaffold,10,1.0,50,dirichlet,8
43,0.6771,scaffold,10,1.0,50,dirichlet,8
44,0.6666,scaffold,10,1.0,50,dirichlet,8
45,0.6664,scaffold,10,1.0,50,dirichlet,8
46,0.6799,scaffold,10,1.0,50,dirichlet,8
47,0.6852,scaffold,10,1.0,50,dirichlet,8
48,0.697,scaffold,10,1.0,50,dirichlet,8
49,0.6846,scaffold,10,1.0,50,dirichlet,8
50,0.701,scaffold,10,1.0,50,dirichlet,8
0,0.1147,scaffold,10,1.0,50,shard,9
1,0.1351,scaffold,10,1.0,50,shard,9
2,0.215,scaffold,10,1.0,50,shard,9
3,0.2469,scaffold,10,1.0,50,shard,9
4,0.2458,scaffold,10,1.0,50,shard,9
5,0.2856,scaffold,10,1.0,50,shard,9
6,0.2965,scaffold,10,1.0,50,shard,9
7,0.3161,scaffold,10,1.0,50,shard,9
8,0.3322,scaffold,10,1.0,50,shard,9
9,0.3448,scaffold,10,1.0,50,shard,9
10,0.3439,scaffold,10,1.0,50,shard,9
11,0.3595,scaffold,10,1.0,50,shard,9
12,0.3553,scaffold,10,1.0,50,shard,9
13,0.3665,scaffold,10,1.0,50,shard,9
14,0.3777,scaffold,10,1.0,50,shard,9
15,0.3773,scaffold,10,1.0,50,shard,9
16,0.3889,scaffold,10,1.0,50,shard,9
17,0.3934,scaffold,10,1.0,50,shard,9
18,0.3934,scaffold,10,1.0,50,shard,9
19,0.3853,scaffold,10,1.0,50,shard,9
20,0.3788,scaffold,10,1.0,50,shard,9
21,0.3796,scaffold,10,1.0,50,shard,9
22,0.3847,scaffold,10,1.0,50,shard,9
23,0.3739,scaffold,10,1.0,50,shard,9
24,0.3786,scaffold,10,1.0,50,shard,9
25,0.403,scaffold,10,1.0,50,shard,9
26,0.3982,scaffold,10,1.0,50,shard,9
27,0.4108,scaffold,10,1.0,50,shard,9
28,0.4043,scaffold,10,1.0,50,shard,9
29,0.4351,scaffold,10,1.0,50,shard,9
30,0.4378,scaffold,10,1.0,50,shard,9
31,0.4392,scaffold,10,1.0,50,shard,9
32,0.451,scaffold,10,1.0,50,shard,9
33,0.4406,scaffold,10,1.0,50,shard,9
34,0.4498,scaffold,10,1.0,50,shard,9
35,0.4454,scaffold,10,1.0,50,shard,9
36,0.4599,scaffold,10,1.0,50,shard,9
37,0.4595,scaffold,10,1.0,50,shard,9
38,0.4684,scaffold,10,1.0,50,shard,9
39,0.4607,scaffold,10,1.0,50,shard,9
40,0.4672,scaffold,10,1.0,50,shard,9
41,0.4696,scaffold,10,1.0,50,shard,9
42,0.4744,scaffold,10,1.0,50,shard,9
43,0.4785,scaffold,10,1.0,50,shard,9
44,0.4834,scaffold,10,1.0,50,shard,9
45,0.475,scaffold,10,1.0,50,shard,9
46,0.4886,scaffold,10,1.0,50,shard,9
47,0.4808,scaffold,10,1.0,50,shard,9
48,0.4826,scaffold,10,1.0,50,shard,9
49,0.4881,scaffold,10,1.0,50,shard,9
50,0.4884,scaffold,10,1.0,50,shard,9
0,0.1,scaffold,100,0.2,100,iid,10
1,0.1,scaffold,100,0.2,100,iid,10
2,0.1,scaffold,100,0.2,100,iid,10
3,0.1009,scaffold,100,0.2,100,iid,10
4,0.1172,scaffold,100,0.2,100,iid,10
5,0.1682,scaffold,100,0.2,100,iid,10
6,0.176,scaffold,100,0.2,100,iid,10
7,0.1806,scaffold,100,0.2,100,iid,10
8,0.1764,scaffold,100,0.2,100,iid,10
9,0.1723,scaffold,100,0.2,100,iid,10
10,0.1674,scaffold,100,0.2,100,iid,10
11,0.1765,scaffold,100,0.2,100,iid,10
12,0.1957,scaffold,100,0.2,100,iid,10
13,0.215,scaffold,100,0.2,100,iid,10
14,0.2305,scaffold,100,0.2,100,iid,10
15,0.2449,scaffold,100,0.2,100,iid,10
16,0.2471,scaffold,100,0.2,100,iid,10
17,0.2569,scaffold,100,0.2,100,iid,10
18,0.2624,scaffold,100,0.2,100,iid,10
19,0.2629,scaffold,100,0.2,100,iid,10
20,0.2685,scaffold,100,0.2,100,iid,10
21,0.2722,scaffold,100,0.2,100,iid,10
22,0.278,scaffold,100,0.2,100,iid,10
23,0.2814,scaffold,100,0.2,100,iid,10
24,0.2881,scaffold,100,0.2,100,iid,10
25,0.2943,scaffold,100,0.2,100,iid,10
26,0.2999,scaffold,100,0.2,100,iid,10
27,0.3021,scaffold,100,0.2,100,iid,10
28,0.304,scaffold,100,0.2,100,iid,10
29,0.3123,scaffold,100,0.2,100,iid,10
30,0.3148,scaffold,100,0.2,100,iid,10
31,0.3196,scaffold,100,0.2,100,iid,10
32,0.3257,scaffold,100,0.2,100,iid,10
33,0.3282,scaffold,100,0.2,100,iid,10
34,0.3317,scaffold,100,0.2,100,iid,10
35,0.3387,scaffold,100,0.2,100,iid,10
36,0.3446,scaffold,100,0.2,100,iid,10
37,0.3514,scaffold,100,0.2,100,iid,10
38,0.3521,scaffold,100,0.2,100,iid,10
39,0.3561,scaffold,100,0.2,100,iid,10
40,0.36,scaffold,100,0.2,100,iid,10
41,0.3611,scaffold,100,0.2,100,iid,10
42,0.3645,scaffold,100,0.2,100,iid,10
43,0.3718,scaffold,100,0.2,100,iid,10
44,0.3721,scaffold,100,0.2,100,iid,10
45,0.3781,scaffold,100,0.2,100,iid,10
46,0.384,scaffold,100,0.2,100,iid,10
47,0.3846,scaffold,100,0.2,100,iid,10
48,0.3912,scaffold,100,0.2,100,iid,10
49,0.3937,scaffold,100,0.2,100,iid,10
50,0.3964,scaffold,100,0.2,100,iid,10
51,0.3989,scaffold,100,0.2,100,iid,10
52,0.4009,scaffold,100,0.2,100,iid,10
53,0.4082,scaffold,100,0.2,100,iid,10
54,0.4115,scaffold,100,0.2,100,iid,10
55,0.4133,scaffold,100,0.2,100,iid,10
56,0.4194,scaffold,100,0.2,100,iid,10
57,0.4239,scaffold,100,0.2,100,iid,10
58,0.425,scaffold,100,0.2,100,iid,10
59,0.4233,scaffold,100,0.2,100,iid,10
60,0.4343,scaffold,100,0.2,100,iid,10
61,0.4326,scaffold,100,0.2,100,iid,10
62,0.4399,scaffold,100,0.2,100,iid,10
63,0.4393,scaffold,100,0.2,100,iid,10
64,0.4414,scaffold,100,0.2,100,iid,10
65,0.4453,scaffold,100,0.2,100,iid,10
66,0.4469,scaffold,100,0.2,100,iid,10
67,0.4497,scaffold,100,0.2,100,iid,10
68,0.4536,scaffold,100,0.2,100,iid,10
69,0.4572,scaffold,100,0.2,100,iid,10
70,0.46,scaffold,100,0.2,100,iid,10
71,0.4618,scaffold,100,0.2,100,iid,10
72,0.4629,scaffold,100,0.2,100,iid,10
73,0.4617,scaffold,100,0.2,100,iid,10
74,0.4671,scaffold,100,0.2,100,iid,10
75,0.4707,scaffold,100,0.2,100,iid,10
76,0.4727,scaffold,100,0.2,100,iid,10
77,0.4768,scaffold,100,0.2,100,iid,10
78,0.4755,scaffold,100,0.2,100,iid,10
79,0.4768,scaffold,100,0.2,100,iid,10
80,0.4786,scaffold,100,0.2,100,iid,10
81,0.4767,scaffold,100,0.2,100,iid,10
82,0.4802,scaffold,100,0.2,100,iid,10
83,0.482,scaffold,100,0.2,100,iid,10
84,0.4825,scaffold,100,0.2,100,iid,10
85,0.4881,scaffold,100,0.2,100,iid,10
86,0.4874,scaffold,100,0.2,100,iid,10
87,0.4907,scaffold,100,0.2,100,iid,10
88,0.4895,scaffold,100,0.2,100,iid,10
89,0.4882,scaffold,100,0.2,100,iid,10
90,0.4929,scaffold,100,0.2,100,iid,10
91,0.4922,scaffold,100,0.2,100,iid,10
92,0.4941,scaffold,100,0.2,100,iid,10
93,0.4993,scaffold,100,0.2,100,iid,10
94,0.4976,scaffold,100,0.2,100,iid,10
95,0.4972,scaffold,100,0.2,100,iid,10
96,0.497,scaffold,100,0.2,100,iid,10
97,0.5006,scaffold,100,0.2,100,iid,10
98,0.503,scaffold,100,0.2,100,iid,10
99,0.5059,scaffold,100,0.2,100,iid,10
100,0.5071,scaffold,100,0.2,100,iid,10
0,0.0976,scaffold,100,0.2,100,dirichlet,11
1,0.1204,scaffold,100,0.2,100,dirichlet,11
2,0.1224,scaffold,100,0.2,100,dirichlet,11
3,0.1,scaffold,100,0.2,100,dirichlet,11
4,0.1103,scaffold,100,0.2,100,dirichlet,11
5,0.145,scaffold,100,0.2,100,dirichlet,11
6,0.1651,scaffold,100,0.2,100,dirichlet,11
7,0.1766,scaffold,100,0.2,100,dirichlet,11
8,0.2062,scaffold,100,0.2,100,dirichlet,11
9,0.201,scaffold,100,0.2,100,dirichlet,11
10,0.2144,scaffold,100,0.2,100,dirichlet,11
11,0.2399,scaffold,100,0.2,100,dirichlet,11
12,0.2488,scaffold,100,0.2,100,dirichlet,11
13,0.2603,scaffold,100,0.2,100,dirichlet,11
14,0.2243,scaffold,100,0.2,100,dirichlet,11
15,0.276,scaffold,100,0.2,100,dirichlet,11
16,0.2469,scaffold,100,0.2,100,dirichlet,11
17,0.2616,scaffold,100,0.2,100,dirichlet,11
18,0.2733,scaffold,100,0.2,100,dirichlet,11
19,0.3038,scaffold,100,0.2,100,dirichlet,11
20,0.3063,scaffold,100,0.2,100,dirichlet,11
21,0.306,scaffold,100,0.2,100,dirichlet,11
22,0.3174,scaffold,100,0.2,100,dirichlet,11
23,0.3305,scaffold,100,0.2,100,dirichlet,11
24,0.3171,scaffold,100,0.2,100,dirichlet,11
25,0.3279,scaffold,100,0.2,100,dirichlet,11
26,0.3274,scaffold,100,0.2,100,dirichlet,11
27,0.3264,scaffold,100,0.2,100,dirichlet,11
28,0.3269,scaffold,100,0.2,100,dirichlet,11
29,0.3527,scaffold,100,0.2,100,dirichlet,11
30,0.3524,scaffold,100,0.2,100,dirichlet,11
31,0.3613,scaffold,100,0.2,100,dirichlet,11
32,0.3443,scaffold,100,0.2,100,dirichlet,11
33,0.3417,scaffold,100,0.2,100,dirichlet,11
34,0.3592,scaffold,100,0.2,100,dirichlet,11
35,0.349,scaffold,100,0.2,100,dirichlet,11
36,0.3607,scaffold,100,0.2,100,dirichlet,11
37,0.3641,scaffold,100,0.2,100,dirichlet,11
38,0.3469,scaffold,100,0.2,100,dirichlet,11
39,0.3739,scaffold,100,0.2,100,dirichlet,11
40,0.3734,scaffold,100,0.2,100,dirichlet,11
41,0.3856,scaffold,100,0.2,100,dirichlet,11
42,0.3862,scaffold,100,0.2,100,dirichlet,11
43,0.3794,scaffold,100,0.2,100,dirichlet,11
44,0.3925,scaffold,100,0.2,100,dirichlet,11
45,0.3903,scaffold,100,0.2,100,dirichlet,11
46,0.3951,scaffold,100,0.2,100,dirichlet,11
47,0.3847,scaffold,100,0.2,100,dirichlet,11
48,0.3918,scaffold,100,0.2,100,dirichlet,11
49,0.3972,scaffold,100,0.2,100,dirichlet,11
50,0.4032,scaffold,100,0.2,100,dirichlet,11
51,0.4065,scaffold,100,0.2,100,dirichlet,11
52,0.4062,scaffold,100,0.2,100,dirichlet,11
53,0.4124,scaffold,100,0.2,100,dirichlet,11
54,0.4085,scaffold,100,0.2,100,dirichlet,11
55,0.4161,scaffold,100,0.2,100,dirichlet,11
56,0.4145,scaffold,100,0.2,100,dirichlet,11
57,0.4166,scaffold,100,0.2,100,dirichlet,11
58,0.414,scaffold,100,0.2,100,dirichlet,11
59,0.4299,scaffold,100,0.2,100,dirichlet,11
60,0.4207,scaffold,100,0.2,100,dirichlet,11
61,0.4294,scaffold,100,0.2,100,dirichlet,11
62,0.4242,scaffold,100,0.2,100,dirichlet,11
63,0.4335,scaffold,100,0.2,100,dirichlet,11
64,0.4289,scaffold,100,0.2,100,dirichlet,11
65,0.4371,scaffold,100,0.2,100,dirichlet,11
66,0.4306,scaffold,100,0.2,100,dirichlet,11
67,0.4421,scaffold,100,0.2,100,dirichlet,11
68,0.4359,scaffold,100,0.2,100,dirichlet,11
69,0.445,scaffold,100,0.2,100,dirichlet,11
70,0.4443,scaffold,100,0.2,100,dirichlet,11
71,0.4445,scaffold,100,0.2,100,dirichlet,11
72,0.4464,scaffold,100,0.2,100,dirichlet,11
73,0.448,scaffold,100,0.2,100,dirichlet,11
74,0.4465,scaffold,100,0.2,100,dirichlet,11
75,0.439,scaffold,100,0.2,100,dirichlet,11
76,0.4502,scaffold,100,0.2,100,dirichlet,11
77,0.4485,scaffold,100,0.2,100,dirichlet,11
78,0.4466,scaffold,100,0.2,100,dirichlet,11
79,0.4505,scaffold,100,0.2,100,dirichlet,11
80,0.4504,scaffold,100,0.2,100,dirichlet,11
81,0.4366,scaffold,100,0.2,100,dirichlet,11
82,0.4513,scaffold,100,0.2,100,dirichlet,11
83,0.4425,scaffold,100,0.2,100,dirichlet,11
84,0.4435,scaffold,100,0.2,100,dirichlet,11
85,0.4563,scaffold,100,0.2,100,dirichlet,11
86,0.461,scaffold,100,0.2,100,dirichlet,11
87,0.4548,scaffold,100,0.2,100,dirichlet,11
88,0.4633,scaffold,100,0.2,100,dirichlet,11
89,0.4594,scaffold,100,0.2,100,dirichlet,11
90,0.4587,scaffold,100,0.2,100,dirichlet,11
91,0.4628,scaffold,100,0.2,100,dirichlet,11
92,0.4634,scaffold,100,0.2,100,dirichlet,11
93,0.4585,scaffold,100,0.2,100,dirichlet,11
94,0.4632,scaffold,100,0.2,100,dirichlet,11
95,0.4658,scaffold,100,0.2,100,dirichlet,11
96,0.4657,scaffold,100,0.2,100,dirichlet,11
97,0.4701,scaffold,100,0.2,100,dirichlet,11
98,0.4792,scaffold,100,0.2,100,dirichlet,11
99,0.4709,scaffold,100,0.2,100,dirichlet,11
100,0.4791,scaffold,100,0.2,100,dirichlet,11
0,0.1179,scaffold,100,0.2,100,shard,12
1,0.1,scaffold,100,0.2,100,shard,12
2,0.1,scaffold,100,0.2,100,shard,12
3,0.1138,scaffold,100,0.2,100,shard,12
4,0.1009,scaffold,100,0.2,100,shard,12
5,0.1148,scaffold,100,0.2,100,shard,12
6,0.1652,scaffold,100,0.2,100,shard,12
7,0.1078,scaffold,100,0.2,100,shard,12
8,0.1315,scaffold,100,0.2,100,shard,12
9,0.1439,scaffold,100,0.2,100,shard,12
10,0.1719,scaffold,100,0.2,100,shard,12
11,0.2285,scaffold,100,0.2,100,shard,12
12,0.2269,scaffold,100,0.2,100,shard,12
13,0.1989,scaffold,100,0.2,100,shard,12
14,0.2071,scaffold,100,0.2,100,shard,12
15,0.2077,scaffold,100,0.2,100,shard,12
16,0.2292,scaffold,100,0.2,100,shard,12
17,0.2731,scaffold,100,0.2,100,shard,12
18,0.2492,scaffold,100,0.2,100,shard,12
19,0.1973,scaffold,100,0.2,100,shard,12
20,0.2387,scaffold,100,0.2,100,shard,12
21,0.1727,scaffold,100,0.2,100,shard,12
22,0.2136,scaffold,100,0.2,100,shard,12
23,0.1855,scaffold,100,0.2,100,shard,12
24,0.2271,scaffold,100,0.2,100,shard,12
25,0.2582,scaffold,100,0.2,100,shard,12
26,0.2071,scaffold,100,0.2,100,shard,12
27,0.2284,scaffold,100,0.2,100,shard,12
28,0.2277,scaffold,100,0.2,100,shard,12
29,0.2347,scaffold,100,0.2,100,shard,12
30,0.2347,scaffold,100,0.2,100,shard,12
31,0.1965,scaffold,100,0.2,100,shard,12
32,0.1959,scaffold,100,0.2,100,shard,12
33,0.244,scaffold,100,0.2,100,shard,12
34,0.254,scaffold,100,0.2,100,shard,12
35,0.2316,scaffold,100,0.2,100,shard,12
36,0.2559,scaffold,100,0.2,100,shard,12
37,0.1606,scaffold,100,0.2,100,shard,12
38,0.2374,scaffold,100,0.2,100,shard,12
39,0.2268,scaffold,100,0.2,100,shard,12
40,0.2311,scaffold,100,0.2,100,shard,12
41,0.2394,scaffold,100,0.2,100,shard,12
42,0.2234,scaffold,100,0.2,100,shard,12
43,0.2401,scaffold,100,0.2,100,shard,12
44,0.2736,scaffold,100,0.2,100,shard,12
45,0.2638,scaffold,100,0.2,100,shard,12
46,0.294,scaffold,100,0.2,100,shard,12
47,0.2716,scaffold,100,0.2,100,shard,12
48,0.2471,scaffold,100,0.2,100,shard,12
49,0.277,scaffold,100,0.2,100,shard,12
50,0.2808,scaffold,100,0.2,100,shard,12
51,0.2892,scaffold,100,0.2,100,shard,12
52,0.2754,scaffold,100,0.2,100,shard,12
53,0.2755,scaffold,100,0.2,100,shard,12
54,0.2597,scaffold,100,0.2,100,shard,12
55,0.258,scaffold,100,0.2,100,shard,12
56,0.2189,scaffold,100,0.2,100,shard,12
57,0.2747,scaffold,100,0.2,100,shard,12
58,0.2667,scaffold,100,0.2,100,shard,12
59,0.2509,scaffold,100,0.2,100,shard,12
60,0.2532,scaffold,100,0.2,100,shard,12
61,0.2496,scaffold,100,0.2,100,shard,12
62,0.2844,scaffold,100,0.2,100,shard,12
63,0.2741,scaffold,100,0.2,100,shard,12
64,0.2746,scaffold,100,0.2,100,shard,12
65,0.2934,scaffold,100,0.2,100,shard,12
66,0.2872,scaffold,100,0.2,100,shard,12
67,0.3079,scaffold,100,0.2,100,shard,12
68,0.2299,scaffold,100,0.2,100,shard,12
69,0.2922,scaffold,100,0.2,100,shard,12
70,0.2982,scaffold,100,0.2,100,shard,12
71,0.2759,scaffold,100,0.2,100,shard,12
72,0.3026,scaffold,100,0.2,100,shard,12
73,0.3008,scaffold,100,0.2,100,shard,12
74,0.2915,scaffold,100,0.2,100,shard,12
75,0.2652,scaffold,100,0.2,100,shard,12
76,0.2672,scaffold,100,0.2,100,shard,12
77,0.2563,scaffold,100,0.2,100,shard,12
78,0.2748,scaffold,100,0.2,100,shard,12
79,0.3098,scaffold,100,0.2,100,shard,12
80,0.2954,scaffold,100,0.2,100,shard,12
81,0.2919,scaffold,100,0.2,100,shard,12
82,0.3097,scaffold,100,0.2,100,shard,12
83,0.3184,scaffold,100,0.2,100,shard,12
84,0.2699,scaffold,100,0.2,100,shard,12
85,0.2945,scaffold,100,0.2,100,shard,12
86,0.2895,scaffold,100,0.2,100,shard,12
87,0.3354,scaffold,100,0.2,100,shard,12
88,0.3059,scaffold,100,0.2,100,shard,12
89,0.307,scaffold,100,0.2,100,shard,12
90,0.3073,scaffold,100,0.2,100,shard,12
91,0.33,scaffold,100,0.2,100,shard,12
92,0.3113,scaffold,100,0.2,100,shard,12
93,0.3207,scaffold,100,0.2,100,shard,12
94,0.3046,scaffold,100,0.2,100,shard,12
95,0.3225,scaffold,100,0.2,100,shard,12
96,0.3253,scaffold,100,0.2,100,shard,12
97,0.3028,scaffold,100,0.2,100,shard,12
98,0.3262,scaffold,100,0.2,100,shard,12
99,0.3213,scaffold,100,0.2,100,shard,12
100,0.2969,scaffold,100,0.2,100,shard,12
